{"Stock":"ADANIENT.xlsx","Accuracy (R-squared %)":-59.9254360457,"R-squared":-0.5992543605,"Mean Squared Error":0.0025394683}
{"Stock":"ADANIPORTS.xlsx","Accuracy (R-squared %)":-25.0246284198,"R-squared":-0.2502462842,"Mean Squared Error":0.0007235543}
{"Stock":"AJANTPHARM.xlsx","Accuracy (R-squared %)":-23.1918999603,"R-squared":-0.2319189996,"Mean Squared Error":0.000541517}
{"Stock":"ASHOKLEY.xlsx","Accuracy (R-squared %)":-15.8679023978,"R-squared":-0.158679024,"Mean Squared Error":0.0001882606}
{"Stock":"ASIANPAINT.xlsx","Accuracy (R-squared %)":-16.6048486274,"R-squared":-0.1660484863,"Mean Squared Error":0.0001042332}
{"Stock":"AUBANK.xlsx","Accuracy (R-squared %)":-11.8838371569,"R-squared":-0.1188383716,"Mean Squared Error":0.0002047674}
{"Stock":"AXISBANK.xlsx","Accuracy (R-squared %)":-2.5476675851,"R-squared":-0.0254766759,"Mean Squared Error":0.000145472}
{"Stock":"BAJAJFINSV.xlsx","Accuracy (R-squared %)":-18.1239672899,"R-squared":-0.1812396729,"Mean Squared Error":0.0002089281}
{"Stock":"BAJFINANCE.xlsx","Accuracy (R-squared %)":-5.4306880709,"R-squared":-0.0543068807,"Mean Squared Error":0.0002080333}
{"Stock":"BANKBARODA.xlsx","Accuracy (R-squared %)":-5.9201649861,"R-squared":-0.0592016499,"Mean Squared Error":0.0003713143}
{"Stock":"BEL.xlsx","Accuracy (R-squared %)":-13.2654614124,"R-squared":-0.1326546141,"Mean Squared Error":0.0003062522}
{"Stock":"BHARTIARTL.xlsx","Accuracy (R-squared %)":-13.1507984843,"R-squared":-0.1315079848,"Mean Squared Error":0.0001741826}
{"Stock":"BHEL.xlsx","Accuracy (R-squared %)":-23.3613947906,"R-squared":-0.2336139479,"Mean Squared Error":0.0004612739}
{"Stock":"BLUESTARCO.xlsx","Accuracy (R-squared %)":-5.9131004901,"R-squared":-0.0591310049,"Mean Squared Error":0.000474119}
